{"cameraMode":{"drawMode":0,"name":"Shaded","section":"Shading Mode"},"sceneLighting":false,"audioPlay":false,"sceneViewState":{"showFog":true,"showMaterialUpdate":true,"showSkybox":true,"showFlares":true,"showImageEffects":true,"showParticleSystems":true},"in2DMode":false,"pivot":{"x":69.80107116699219,"y":19.159103393554689,"z":52.04010772705078},"rotation":{"x":-0.01603473164141178,"y":0.6027559041976929,"z":0.01211646106094122,"w":0.7976725101470947},"size":80.02883911132813,"orthographic":false}