{"cameraMode":{"drawMode":0,"name":"Shaded","section":"Shading Mode"},"sceneLighting":false,"audioPlay":false,"sceneViewState":{"showFog":true,"showMaterialUpdate":true,"showSkybox":false,"showFlares":true,"showImageEffects":true,"showParticleSystems":true},"in2DMode":false,"pivot":{"x":88.35777282714844,"y":13.968452453613282,"z":51.59690475463867},"rotation":{"x":-0.03413026034832001,"y":0.7346234917640686,"z":-0.03705696761608124,"w":-0.6766020059585571},"size":4.84429931640625,"orthographic":false}