{"cameraMode":{"drawMode":0,"name":"Shaded","section":"Shading Mode"},"sceneLighting":false,"audioPlay":false,"sceneViewState":{"showFog":true,"showMaterialUpdate":true,"showSkybox":false,"showFlares":true,"showImageEffects":true,"showParticleSystems":true},"in2DMode":false,"pivot":{"x":20.969999313354493,"y":0.6230000257492065,"z":17.81999969482422},"rotation":{"x":0.017988355830311776,"y":0.03448712080717087,"z":0.0006207517581060529,"w":-0.9992430806159973},"size":2.8578836917877199,"orthographic":false}