{"cameraMode":{"drawMode":0,"name":"Shaded","section":"Shading Mode"},"sceneLighting":false,"audioPlay":false,"sceneViewState":{"showFog":true,"showMaterialUpdate":true,"showSkybox":true,"showFlares":true,"showImageEffects":true,"showParticleSystems":true},"in2DMode":false,"pivot":{"x":403.9775390625,"y":118.95486450195313,"z":293.85772705078127},"rotation":{"x":0.012900265865027905,"y":-0.005396604537963867,"z":0.00006950029637664557,"w":0.9999022483825684},"size":987.22607421875,"orthographic":false}