{"cameraMode":{"drawMode":0,"name":"Shaded","section":"Shading Mode"},"sceneLighting":false,"audioPlay":false,"sceneViewState":{"showFog":true,"showMaterialUpdate":true,"showSkybox":false,"showFlares":true,"showImageEffects":true,"showParticleSystems":true},"in2DMode":false,"pivot":{"x":63.03315734863281,"y":482.33935546875,"z":12.955709457397461},"rotation":{"x":0.005999417509883642,"y":0.013499356806278229,"z":0.0000809970879345201,"w":-0.999890923500061},"size":163.2460479736328,"orthographic":false}