{"cameraMode":{"drawMode":0,"name":"Shaded","section":"Shading Mode"},"sceneLighting":false,"audioPlay":false,"sceneViewState":{"showFog":true,"showMaterialUpdate":true,"showSkybox":false,"showFlares":true,"showImageEffects":true,"showParticleSystems":true},"in2DMode":false,"pivot":{"x":24.978809356689454,"y":29.908775329589845,"z":-25.371517181396486},"rotation":{"x":0.001629037200473249,"y":0.9870960712432861,"z":-0.1598045825958252,"w":0.01006160955876112},"size":11.2849702835083,"orthographic":false}