{"cameraMode":{"drawMode":0,"name":"Shaded","section":"Shading Mode"},"sceneLighting":false,"audioPlay":false,"sceneViewState":{"showFog":true,"showMaterialUpdate":true,"showSkybox":false,"showFlares":true,"showImageEffects":true,"showParticleSystems":true},"in2DMode":false,"pivot":{"x":14.155364990234375,"y":0.6401382088661194,"z":17.81285285949707},"rotation":{"x":0.017988355830311776,"y":0.03448712080717087,"z":0.0006207517581060529,"w":-0.9992430806159973},"size":2.8578836917877199,"orthographic":false}