{"cameraMode":{"drawMode":0,"name":"Shaded","section":"Shading Mode"},"sceneLighting":false,"audioPlay":false,"sceneViewState":{"showFog":true,"showMaterialUpdate":true,"showSkybox":false,"showFlares":true,"showImageEffects":true,"showParticleSystems":true},"in2DMode":false,"pivot":{"x":12.456999778747559,"y":0.6230000257492065,"z":17.81999969482422},"rotation":{"x":-0.19220928847789765,"y":-0.3134106397628784,"z":0.06493578106164932,"w":-0.9276921153068543},"size":2.8578836917877199,"orthographic":false}