{"cameraMode":{"drawMode":0,"name":"Shaded","section":"Shading Mode"},"sceneLighting":false,"audioPlay":false,"sceneViewState":{"showFog":true,"showMaterialUpdate":true,"showSkybox":false,"showFlares":true,"showImageEffects":true,"showParticleSystems":true},"in2DMode":false,"pivot":{"x":-83.88897705078125,"y":118.76347351074219,"z":0.754422664642334},"rotation":{"x":-0.05853382498025894,"y":-0.41781771183013918,"z":0.026986636221408845,"w":-0.9062416553497315},"size":2.8578836917877199,"orthographic":false}