{"cameraMode":{"drawMode":0,"name":"Shaded","section":"Shading Mode"},"sceneLighting":false,"audioPlay":false,"sceneViewState":{"showFog":true,"showMaterialUpdate":true,"showSkybox":false,"showFlares":true,"showImageEffects":true,"showParticleSystems":true},"in2DMode":false,"pivot":{"x":4.14442253112793,"y":8.693859100341797,"z":-5.657517910003662},"rotation":{"x":0.12110189348459244,"y":-0.32221725583076479,"z":0.04160171374678612,"w":0.9379657506942749},"size":2.8578836917877199,"orthographic":false}