{"cameraMode":{"drawMode":0,"name":"Shaded","section":"Shading Mode"},"sceneLighting":false,"audioPlay":false,"sceneViewState":{"showFog":true,"showMaterialUpdate":true,"showSkybox":false,"showFlares":true,"showImageEffects":true,"showParticleSystems":true},"in2DMode":false,"pivot":{"x":10.0,"y":5.3470001220703129,"z":11.24899959564209},"rotation":{"x":0.03085891716182232,"y":-0.04885420575737953,"z":0.0015099751763045788,"w":0.9983280301094055},"size":2.7659034729003908,"orthographic":false}