{"cameraMode":{"drawMode":0,"name":"Shaded","section":"Shading Mode"},"sceneLighting":false,"audioPlay":false,"sceneViewState":{"showFog":true,"showMaterialUpdate":true,"showSkybox":false,"showFlares":true,"showImageEffects":true,"showParticleSystems":true},"in2DMode":false,"pivot":{"x":-0.18745297193527223,"y":7.3712921142578129,"z":-0.5180559754371643},"rotation":{"x":0.06324484199285507,"y":0.914410412311554,"z":-0.1573416292667389,"w":0.3675558865070343},"size":25.058273315429689,"orthographic":false}