{"cameraMode":{"drawMode":0,"name":"Shaded","section":"Shading Mode"},"sceneLighting":false,"audioPlay":false,"sceneViewState":{"showFog":true,"showMaterialUpdate":false,"showSkybox":false,"showFlares":true,"showImageEffects":true,"showParticleSystems":true},"in2DMode":false,"pivot":{"x":86.29998779296875,"y":343.8999938964844,"z":0.0},"rotation":{"x":0.03448851406574249,"y":-0.016489453613758088,"z":0.0005690992693416774,"w":0.9992689490318298},"size":154.60137939453126,"orthographic":false}